Trade #,Type,Signal,Date/Time,Price INR,Contracts,Profit INR,Profit %,Cum. Profit INR,Cum. Profit %,Run-up INR,Run-up %,Drawdown INR,Drawdown %
1,Exit Short,X-Exit-Sell 13900CE,2021-01-29 15:00,13751.50,100,4475.00,0.32,4475.00,0.45,6815.00,0.49,7675.00,0.56
1,Entry Short,Sell 13900 CE,2021-01-29 12:00,13796.25,100,4475.00,0.32,4475.00,0.45,6815.00,0.49,7675.00,0.56
2,Exit Short,X-Exit-Sell 15350CE,2021-02-17 15:00,15215.85,100,1385.00,0.09,5860.00,0.14,5895.00,0.39,1470.00,0.1
2,Entry Short,Sell 15350 CE,2021-02-17 13:15,15229.70,100,1385.00,0.09,5860.00,0.14,5895.00,0.39,1470.00,0.1
3,Exit Short,X-Exit-Sell 15200CE,2021-02-19 15:00,14903.40,200,34520.00,1.14,40380.00,3.43,35560.00,1.18,2090.00,0.07
3,Entry Short,Sell 15200 CE,2021-02-19 13:00,15076.00,200,34520.00,1.14,40380.00,3.43,35560.00,1.18,2090.00,0.07
4,Exit Short,X-Exit-Sell 15050CE,2021-03-08 15:00,14992.80,100,-2625.00,-0.18,37755.00,-0.25,1135.00,0.08,7870.00,0.53
4,Entry Short,Sell 15050 CE,2021-03-08 14:00,14966.55,100,-2625.00,-0.18,37755.00,-0.25,1135.00,0.08,7870.00,0.53
5,Exit Short,X-Exit-Sell 15050CE,2021-03-09 15:00,15021.25,100,-5865.00,-0.39,31890.00,-0.57,2325.00,0.16,7935.00,0.53
5,Entry Short,Sell 15050 CE,2021-03-09 13:30,14962.60,100,-5865.00,-0.39,31890.00,-0.57,2325.00,0.16,7935.00,0.53
6,Exit Short,X-Exit-Sell 15150CE,2021-03-12 15:00,14998.25,100,7105.00,0.47,38995.00,0.69,11570.00,0.77,4895.00,0.32
6,Entry Short,Sell 15150 CE,2021-03-12 13:45,15069.30,100,7105.00,0.47,38995.00,0.69,11570.00,0.77,4895.00,0.32
7,Exit Short,X-Exit-Sell 14800CE,2021-03-18 15:00,14526.15,100,18155.00,1.23,57150.00,1.75,22910.00,1.56,920.00,0.06
7,Entry Short,Sell 14800 CE,2021-03-18 13:15,14707.70,100,18155.00,1.23,57150.00,1.75,22910.00,1.56,920.00,0.06
8,Exit Short,X-Exit-Sell 14750CE,2021-03-24 15:00,14583.80,100,6915.00,0.47,64065.00,0.65,9155.00,0.62,2265.00,0.15
8,Entry Short,Sell 14750 CE,2021-03-24 10:45,14652.95,100,6915.00,0.47,64065.00,0.65,9155.00,0.62,2265.00,0.15
9,Exit Short,X-Exit-Sell 14500CE,2021-03-25 15:00,14414.10,100,-1045.00,-0.07,63020.00,-0.1,13925.00,0.97,9025.00,0.63
9,Entry Short,Sell 14500 CE,2021-03-25 10:45,14403.65,100,-1045.00,-0.07,63020.00,-0.1,13925.00,0.97,9025.00,0.63
10,Exit Short,X-Exit-Sell 14850CE,2021-04-01 15:00,14845.55,100,-10990.00,-0.75,52030.00,-1.03,815.00,0.06,13175.00,0.89
10,Entry Short,Sell 14850 CE,2021-04-01 12:00,14735.65,100,-10990.00,-0.75,52030.00,-1.03,815.00,0.06,13175.00,0.89
11,Exit Short,X-Exit-Sell 14600CE,2021-04-05 15:00,14654.35,100,-16240.00,-1.12,35790.00,-1.54,2945.00,0.2,18910.00,1.3
11,Entry Short,Sell 14600 CE,2021-04-05 11:30,14491.95,100,-16240.00,-1.12,35790.00,-1.54,2945.00,0.2,18910.00,1.3
12,Exit Short,X-Exit-Sell 14750CE,2021-04-06 15:00,14654.30,100,-1630.00,-0.11,34160.00,-0.16,45.00,0,3515.00,0.24
12,Entry Short,Sell 14750 CE,2021-04-06 14:00,14638.00,100,-1630.00,-0.11,34160.00,-0.16,45.00,0,3515.00,0.24
13,Exit Short,X-Exit-Sell 14450CE,2021-04-20 15:00,14226.80,100,13555.00,0.94,47715.00,1.31,15505.00,1.08,3085.00,0.21
13,Entry Short,Sell 14450 CE,2021-04-20 13:00,14362.35,100,13555.00,0.94,47715.00,1.31,15505.00,1.08,3085.00,0.21
14,Exit Short,X-Exit-Sell 15800CE,2021-06-17 15:00,15669.15,200,8270.00,0.26,55985.00,0.79,18750.00,0.6,5910.00,0.19
14,Entry Short,Sell 15800 CE,2021-06-17 12:15,15710.50,200,8270.00,0.26,55985.00,0.79,18750.00,0.6,5910.00,0.19
15,Exit Short,X-Exit-Sell 15650CE,2021-06-18 15:00,15656.95,100,-10810.00,-0.7,45175.00,-1.02,985.00,0.06,12910.00,0.83
15,Entry Short,Sell 15650 CE,2021-06-18 11:45,15548.85,100,-10810.00,-0.7,45175.00,-1.02,985.00,0.06,12910.00,0.83
16,Exit Short,X-Exit-Sell 15900CE,2021-07-08 15:00,15712.30,100,10715.00,0.68,55890.00,1.03,13655.00,0.86,150.00,0.01
16,Entry Short,Sell 15900 CE,2021-07-08 11:45,15819.45,100,10715.00,0.68,55890.00,1.03,13655.00,0.86,150.00,0.01
17,Exit Short,X-Exit-Sell 15800CE,2021-07-12 15:00,15683.85,100,2255.00,0.14,58145.00,0.21,6165.00,0.39,1815.00,0.12
17,Entry Short,Sell 15800 CE,2021-07-12 13:30,15706.40,100,2255.00,0.14,58145.00,0.21,6165.00,0.39,1815.00,0.12
18,Exit Short,X-Exit-Sell 15900CE,2021-07-27 15:00,15727.30,100,8350.00,0.53,66495.00,0.79,10980.00,0.69,75.00,0
18,Entry Short,Sell 15900 CE,2021-07-27 12:30,15810.80,100,8350.00,0.53,66495.00,0.79,10980.00,0.69,75.00,0
19,Exit Short,X-Exit-Sell 16350CE,2021-08-06 15:00,16246.55,100,730.00,0.04,67225.00,0.07,1335.00,0.08,3310.00,0.2
19,Entry Short,Sell 16350 CE,2021-08-06 11:00,16253.85,100,730.00,0.04,67225.00,0.07,1335.00,0.08,3310.00,0.2
20,Exit Short,X-Exit-Sell 16350CE,2021-08-09 15:00,16222.40,200,2590.00,0.08,69815.00,0.24,11260.00,0.35,5950.00,0.18
20,Entry Short,Sell 16350 CE,2021-08-09 12:30,16235.35,200,2590.00,0.08,69815.00,0.24,11260.00,0.35,5950.00,0.18
21,Exit Short,X-Exit-Sell 16650CE,2021-08-17 15:00,16563.40,200,-7520.00,-0.23,62295.00,-0.7,6080.00,0.18,12040.00,0.36
21,Entry Short,Sell 16650 CE,2021-08-17 12:15,16525.80,200,-7520.00,-0.23,62295.00,-0.7,6080.00,0.18,12040.00,0.36
22,Exit Short,X-Exit-Sell 16700CE,2021-08-18 15:00,16563.55,100,1825.00,0.11,64120.00,0.17,4595.00,0.28,540.00,0.03
22,Entry Short,Sell 16700 CE,2021-08-18 14:00,16581.80,100,1825.00,0.11,64120.00,0.17,4595.00,0.28,540.00,0.03
23,Exit Short,X-Exit-Sell 16600CE,2021-08-23 15:00,16495.05,100,-1370.00,-0.08,62750.00,-0.13,960.00,0.06,5570.00,0.34
23,Entry Short,Sell 16600 CE,2021-08-23 11:45,16481.35,100,-1370.00,-0.08,62750.00,-0.13,960.00,0.06,5570.00,0.34
24,Exit Short,X-Exit-Sell 16750CE,2021-08-26 15:00,16613.85,200,3280.00,0.1,66030.00,0.31,5370.00,0.16,4560.00,0.14
24,Entry Short,Sell 16750 CE,2021-08-26 12:45,16630.25,200,3280.00,0.1,66030.00,0.31,5370.00,0.16,4560.00,0.14
25,Exit Short,X-Exit-Sell 17400CE,2021-09-13 15:00,17338.80,200,-4540.00,-0.13,61490.00,-0.43,20.00,0,12450.00,0.36
25,Entry Short,Sell 17400 CE,2021-09-13 11:30,17316.10,200,-4540.00,-0.13,61490.00,-0.43,20.00,0,12450.00,0.36
26,Exit Short,X-Exit-Sell 17600CE,2021-09-20 15:00,17434.40,200,11390.00,0.33,72880.00,1.07,13630.00,0.39,2810.00,0.08
26,Entry Short,Sell 17600 CE,2021-09-20 14:00,17491.35,200,11390.00,0.33,72880.00,1.07,13630.00,0.39,2810.00,0.08
27,Exit Short,X-Exit-Sell 17900CE,2021-09-28 15:00,17725.20,100,6830.00,0.38,79710.00,0.64,21740.00,1.22,190.00,0.01
27,Entry Short,Sell 17900 CE,2021-09-28 11:45,17793.50,100,6830.00,0.38,79710.00,0.64,21740.00,1.22,190.00,0.01
28,Exit Short,X-Exit-Sell 17800CE,2021-09-30 15:00,17636.85,100,5360.00,0.3,85070.00,0.5,9950.00,0.56,5170.00,0.29
28,Entry Short,Sell 17800 CE,2021-09-30 11:15,17690.45,100,5360.00,0.3,85070.00,0.5,9950.00,0.56,5170.00,0.29
29,Exit Short,X-Exit-Sell 18200CE,2021-10-22 15:00,18100.90,100,-1080.00,-0.06,83990.00,-0.1,5575.00,0.31,5950.00,0.33
29,Entry Short,Sell 18200 CE,2021-10-22 13:30,18090.10,100,-1080.00,-0.06,83990.00,-0.1,5575.00,0.31,5950.00,0.33
30,Exit Short,X-Exit-Sell 17850CE,2021-10-29 15:00,17740.75,100,185.00,0.01,84175.00,0.02,12730.00,0.72,2260.00,0.13
30,Entry Short,Sell 17850 CE,2021-10-29 13:15,17742.60,100,185.00,0.01,84175.00,0.02,12730.00,0.72,2260.00,0.13
31,Exit Short,X-Exit-Sell 17950CE,2021-11-03 15:00,17797.75,100,6705.00,0.38,90880.00,0.62,10685.00,0.6,4150.00,0.23
31,Entry Short,Sell 17950 CE,2021-11-03 13:00,17864.80,100,6705.00,0.38,90880.00,0.62,10685.00,0.6,4150.00,0.23
32,Exit Short,X-Exit-Sell 17650CE,2021-11-22 15:00,17379.95,100,19195.00,1.09,110075.00,1.76,29145.00,1.66,2445.00,0.14
32,Entry Short,Sell 17650 CE,2021-11-22 11:00,17571.90,100,19195.00,1.09,110075.00,1.76,29145.00,1.66,2445.00,0.14
33,Exit Short,X-Exit-Sell 17200CE,2021-11-26 15:00,17099.40,100,95.00,0.01,110170.00,0.01,3150.00,0.18,10975.00,0.64
33,Entry Short,Sell 17200 CE,2021-11-26 11:00,17100.35,100,95.00,0.01,110170.00,0.01,3150.00,0.18,10975.00,0.64
34,Exit Short,X-Exit-Sell 17500CE,2021-12-13 15:00,17383.00,100,760.00,0.04,110930.00,0.07,3270.00,0.19,5830.00,0.34
34,Entry Short,Sell 17500 CE,2021-12-13 13:00,17390.60,100,760.00,0.04,110930.00,0.07,3270.00,0.19,5830.00,0.34
35,Exit Short,X-Exit-Sell 17350CE,2021-12-16 15:00,17233.25,200,1940.00,0.06,112870.00,0.17,11600.00,0.34,7850.00,0.23
35,Entry Short,Sell 17350 CE,2021-12-16 11:45,17242.95,200,1940.00,0.06,112870.00,0.17,11600.00,0.34,7850.00,0.23
36,Exit Short,X-Exit-Sell 17150CE,2021-12-17 15:00,16988.75,100,4210.00,0.25,117080.00,0.38,5695.00,0.33,7680.00,0.45
36,Entry Short,Sell 17150 CE,2021-12-17 11:45,17030.85,100,4210.00,0.25,117080.00,0.38,5695.00,0.33,7680.00,0.45
37,Exit Short,X-Exit-Sell 17050CE,2021-12-24 15:00,17008.30,400,-23780.00,-0.35,93300.00,-2.13,4040.00,0.06,47720.00,0.7
37,Entry Short,Sell 17050 CE,2021-12-24 11:45,16948.85,400,-23780.00,-0.35,93300.00,-2.13,4040.00,0.06,47720.00,0.7
38,Exit Short,X-Exit-Sell 17800CE,2022-01-06 15:00,17757.55,200,-15590.00,-0.44,77710.00,-1.43,4810.00,0.14,22230.00,0.63
38,Entry Short,Sell 17800 CE,2022-01-06 11:15,17679.60,200,-15590.00,-0.44,77710.00,-1.43,4810.00,0.14,22230.00,0.63
39,Exit Short,X-Exit-Sell 17850CE,2022-01-07 15:00,17767.75,100,-810.00,-0.05,76900.00,-0.08,1955.00,0.11,4030.00,0.23
39,Entry Short,Sell 17850 CE,2022-01-07 13:00,17759.65,100,-810.00,-0.05,76900.00,-0.08,1955.00,0.11,4030.00,0.23
40,Exit Short,X-Exit-Sell 18250CE,2022-01-14 15:00,18257.55,200,-18640.00,-0.51,58260.00,-1.73,4540.00,0.12,19230.00,0.53
40,Entry Short,Sell 18250 CE,2022-01-14 11:30,18164.35,200,-18640.00,-0.51,58260.00,-1.73,4540.00,0.12,19230.00,0.53
41,Exit Short,X-Exit-Sell 17050CE,2022-01-27 15:00,17097.85,100,-15000.00,-0.89,43260.00,-1.42,8110.00,0.48,23465.00,1.38
41,Entry Short,Sell 17050 CE,2022-01-27 11:30,16947.85,100,-15000.00,-0.89,43260.00,-1.42,8110.00,0.48,23465.00,1.38
42,Exit Short,X-Exit-Sell 16700CE,2022-03-02 15:00,16529.35,200,9200.00,0.28,52460.00,0.88,19340.00,0.58,6400.00,0.19
42,Entry Short,Sell 16700 CE,2022-03-02 11:15,16575.35,200,9200.00,0.28,52460.00,0.88,19340.00,0.58,6400.00,0.19
43,Exit Short,X-Exit-Sell 16650CE,2022-03-03 15:00,16500.60,100,7115.00,0.43,59575.00,0.68,9485.00,0.57,1105.00,0.07
43,Entry Short,Sell 16650 CE,2022-03-03 12:30,16571.75,100,7115.00,0.43,59575.00,0.68,9485.00,0.57,1105.00,0.07
44,Exit Short,X-Exit-Sell 17300CE,2022-03-25 15:00,17111.70,200,16010.00,0.47,75585.00,1.51,23040.00,0.67,260.00,0.01
44,Entry Short,Sell 17300 CE,2022-03-25 11:45,17191.75,200,16010.00,0.47,75585.00,1.51,23040.00,0.67,260.00,0.01
45,Exit Short,X-Exit-Sell 17150CE,2022-03-28 15:00,17210.15,100,-15715.00,-0.92,59870.00,-1.46,4675.00,0.27,17310.00,1.02
45,Entry Short,Sell 17150 CE,2022-03-28 11:30,17053.00,100,-15715.00,-0.92,59870.00,-1.46,4675.00,0.27,17310.00,1.02
46,Exit Short,X-Exit-Sell 17800CE,2022-04-11 15:00,17694.30,200,-1740.00,-0.05,58130.00,-0.16,1810.00,0.05,18690.00,0.53
46,Entry Short,Sell 17800 CE,2022-04-11 11:15,17685.60,200,-1740.00,-0.05,58130.00,-0.16,1810.00,0.05,18690.00,0.53
47,Exit Short,X-Exit-Sell 17600CE,2022-04-13 15:00,17498.10,100,-1485.00,-0.08,56645.00,-0.14,2585.00,0.15,4530.00,0.26
47,Entry Short,Sell 17600 CE,2022-04-13 12:15,17483.25,100,-1485.00,-0.08,56645.00,-0.14,2585.00,0.15,4530.00,0.26
48,Exit Short,X-Exit-Sell 17150CE,2022-04-27 15:00,17079.70,100,-3200.00,-0.19,53445.00,-0.3,8925.00,0.52,4385.00,0.26
48,Entry Short,Sell 17150 CE,2022-04-27 11:30,17047.70,100,-3200.00,-0.19,53445.00,-0.3,8925.00,0.52,4385.00,0.26
49,Exit Short,X-Exit-Sell 17050CE,2022-05-04 15:00,16670.40,100,26620.00,1.57,80065.00,2.53,31265.00,1.85,2755.00,0.16
49,Entry Short,Sell 17050 CE,2022-05-04 11:45,16936.60,100,26620.00,1.57,80065.00,2.53,31265.00,1.85,2755.00,0.16
50,Exit Short,X-Exit-Sell 15950CE,2022-05-12 15:00,15824.40,100,3575.00,0.23,83640.00,0.33,12440.00,0.78,2990.00,0.19
50,Entry Short,Sell 15950 CE,2022-05-12 11:00,15860.15,100,3575.00,0.23,83640.00,0.33,12440.00,0.78,2990.00,0.19
51,Exit Short,X-Exit-Sell 16350CE,2022-06-10 15:00,16199.50,200,9640.00,0.3,93280.00,0.89,15020.00,0.46,2200.00,0.07
51,Entry Short,Sell 16350 CE,2022-06-10 11:30,16247.70,200,9640.00,0.3,93280.00,0.89,15020.00,0.46,2200.00,0.07
52,Exit Short,X-Exit-Sell 15700CE,2022-06-16 15:00,15379.50,100,23995.00,1.54,117275.00,2.19,27530.00,1.76,580.00,0.04
52,Entry Short,Sell 15700 CE,2022-06-16 11:45,15619.45,100,23995.00,1.54,117275.00,2.19,27530.00,1.76,580.00,0.04
53,Exit Short,X-Exit-Sell 15350CE,2022-06-20 15:00,15282.90,200,-1870.00,-0.06,115405.00,-0.17,4670.00,0.15,21790.00,0.71
53,Entry Short,Sell 15350 CE,2022-06-20 11:00,15273.55,200,-1870.00,-0.06,115405.00,-0.17,4670.00,0.15,21790.00,0.71
54,Exit Short,X-Exit-Sell 15850CE,2022-06-30 15:00,15827.85,100,-7200.00,-0.46,108205.00,-0.65,2170.00,0.14,9655.00,0.61
54,Entry Short,Sell 15850 CE,2022-06-30 12:15,15755.85,100,-7200.00,-0.46,108205.00,-0.65,2170.00,0.14,9655.00,0.61
55,Exit Short,X-Exit-Sell 16250CE,2022-07-11 15:00,16224.65,400,-25760.00,-0.4,82445.00,-2.32,17220.00,0.27,35320.00,0.55
55,Entry Short,Sell 16250 CE,2022-07-11 11:15,16160.25,400,-25760.00,-0.4,82445.00,-2.32,17220.00,0.27,35320.00,0.55
56,Exit Short,X-Exit-Sell 16250CE,2022-07-12 15:00,16077.85,100,6720.00,0.42,89165.00,0.62,7495.00,0.46,1260.00,0.08
56,Entry Short,Sell 16250 CE,2022-07-12 10:45,16145.05,100,6720.00,0.42,89165.00,0.62,7495.00,0.46,1260.00,0.08
57,Exit Short,X-Exit-Sell 16150CE,2022-07-13 15:00,15989.60,200,12800.00,0.4,101965.00,1.18,17120.00,0.53,680.00,0.02
57,Entry Short,Sell 16150 CE,2022-07-13 12:45,16053.60,200,12800.00,0.4,101965.00,1.18,17120.00,0.53,680.00,0.02
58,Exit Short,X-Exit-Sell 16700CE,2022-07-25 15:00,16666.10,100,-6390.00,-0.38,95575.00,-0.58,3795.00,0.23,8185.00,0.49
58,Entry Short,Sell 16700 CE,2022-07-25 10:45,16602.20,100,-6390.00,-0.38,95575.00,-0.58,3795.00,0.23,8185.00,0.49
59,Exit Short,X-Exit-Sell 16600CE,2022-07-26 15:00,16495.70,100,800.00,0.05,96375.00,0.07,2070.00,0.13,6925.00,0.42
59,Entry Short,Sell 16600 CE,2022-07-26 10:45,16503.70,100,800.00,0.05,96375.00,0.07,2070.00,0.13,6925.00,0.42
60,Exit Short,X-Exit-Sell 17350CE,2022-08-03 15:00,17336.50,100,-9970.00,-0.58,86405.00,-0.91,1095.00,0.06,10440.00,0.61
60,Entry Short,Sell 17350 CE,2022-08-03 11:15,17236.80,100,-9970.00,-0.58,86405.00,-0.91,1095.00,0.06,10440.00,0.61
61,Exit Short,X-Exit-Sell 17350CE,2022-08-04 15:00,17349.05,100,-11245.00,-0.65,75160.00,-1.04,1200.00,0.07,12755.00,0.74
61,Entry Short,Sell 17350 CE,2022-08-04 12:00,17236.60,100,-11245.00,-0.65,75160.00,-1.04,1200.00,0.07,12755.00,0.74
62,Exit Short,X-Exit-Sell 17900CE,2022-08-19 15:00,17775.50,100,1250.00,0.07,76410.00,0.12,7725.00,0.43,4600.00,0.26
62,Entry Short,Sell 17900 CE,2022-08-19 11:45,17788.00,100,1250.00,0.07,76410.00,0.12,7725.00,0.43,4600.00,0.26
63,Exit Short,X-Exit-Sell 17700CE,2022-08-26 15:00,17593.60,200,-1240.00,-0.04,75170.00,-0.12,4700.00,0.13,4760.00,0.14
63,Entry Short,Sell 17700 CE,2022-08-26 13:15,17587.40,200,-1240.00,-0.04,75170.00,-0.12,4700.00,0.13,4760.00,0.14
64,Exit Short,X-Exit-Sell 18000CE,2022-09-15 15:00,17912.80,100,755.00,0.04,75925.00,0.07,5760.00,0.32,4205.00,0.23
64,Entry Short,Sell 18000 CE,2022-09-15 11:45,17920.35,100,755.00,0.04,75925.00,0.07,5760.00,0.32,4205.00,0.23
65,Exit Short,X-Exit-Sell 16950CE,2022-09-29 15:00,16846.75,100,2470.00,0.15,78395.00,0.23,8285.00,0.49,1205.00,0.07
65,Entry Short,Sell 16950 CE,2022-09-29 12:45,16871.45,100,2470.00,0.15,78395.00,0.23,8285.00,0.49,1205.00,0.07
66,Exit Short,X-Exit-Sell 17050CE,2022-10-03 15:00,16892.25,100,7195.00,0.42,85590.00,0.67,10865.00,0.64,9555.00,0.56
66,Entry Short,Sell 17050 CE,2022-10-03 11:00,16964.20,100,7195.00,0.42,85590.00,0.67,10865.00,0.64,9555.00,0.56
67,Exit Short,X-Exit-Sell 17200CE,2022-10-10 15:00,17230.45,100,-11995.00,-0.7,73595.00,-1.1,1695.00,0.1,16965.00,0.99
67,Entry Short,Sell 17200 CE,2022-10-10 11:00,17110.50,100,-11995.00,-0.7,73595.00,-1.1,1695.00,0.1,16965.00,0.99
68,Exit Short,X-Exit-Sell 17300CE,2022-10-11 15:00,17020.85,100,15635.00,0.91,89230.00,1.46,15840.00,0.92,3615.00,0.21
68,Entry Short,Sell 17300 CE,2022-10-11 11:30,17177.20,100,15635.00,0.91,89230.00,1.46,15840.00,0.92,3615.00,0.21
69,Exit Short,X-Exit-Sell 17100CE,2022-10-13 15:00,17037.80,100,-3240.00,-0.19,85990.00,-0.3,4845.00,0.28,7485.00,0.44
69,Entry Short,Sell 17100 CE,2022-10-13 11:30,17005.40,100,-3240.00,-0.19,85990.00,-0.3,4845.00,0.28,7485.00,0.44
70,Exit Short,X-Exit-Sell 18100CE,2022-11-03 15:00,18038.85,100,-2310.00,-0.13,83680.00,-0.21,725.00,0.04,2755.00,0.15
70,Entry Short,Sell 18100 CE,2022-11-03 14:00,18015.75,100,-2310.00,-0.13,83680.00,-0.21,725.00,0.04,2755.00,0.15
71,Exit Short,X-Exit-Sell 18150CE,2022-11-04 15:00,18077.60,400,-16200.00,-0.22,67480.00,-1.49,2480.00,0.03,18160.00,0.25
71,Entry Short,Sell 18150 CE,2022-11-04 12:00,18037.10,400,-16200.00,-0.22,67480.00,-1.49,2480.00,0.03,18160.00,0.25
72,Exit Short,X-Exit-Sell 18400CE,2022-11-15 15:00,18359.25,200,-10520.00,-0.29,56960.00,-0.99,3820.00,0.1,10520.00,0.29
72,Entry Short,Sell 18400 CE,2022-11-15 11:45,18306.65,200,-10520.00,-0.29,56960.00,-0.99,3820.00,0.1,10520.00,0.29
73,Exit Short,X-Exit-Sell 18300CE,2022-11-21 15:00,18161.25,400,6400.00,0.09,63360.00,0.61,17560.00,0.24,4260.00,0.06
73,Entry Short,Sell 18300 CE,2022-11-21 11:15,18177.25,400,6400.00,0.09,63360.00,0.61,17560.00,0.24,4260.00,0.06
74,Exit Short,X-Exit-Sell 18700CE,2022-12-06 15:00,18607.70,400,-200.00,0,63160.00,-0.02,8620.00,0.12,13560.00,0.18
74,Entry Short,Sell 18700 CE,2022-12-06 11:15,18607.20,400,-200.00,0,63160.00,-0.02,8620.00,0.12,13560.00,0.18
75,Exit Short,X-Exit-Sell 18650CE,2022-12-07 15:00,18616.00,100,-4450.00,-0.24,58710.00,-0.42,500.00,0.03,4745.00,0.26
75,Entry Short,Sell 18650 CE,2022-12-07 12:45,18571.50,100,-4450.00,-0.24,58710.00,-0.42,500.00,0.03,4745.00,0.26
76,Exit Short,X-Exit-Sell 18650CE,2022-12-08 15:00,18590.10,400,-7440.00,-0.1,51270.00,-0.7,1160.00,0.02,15660.00,0.21
76,Entry Short,Sell 18650 CE,2022-12-08 13:00,18571.50,400,-7440.00,-0.1,51270.00,-0.7,1160.00,0.02,15660.00,0.21
77,Exit Short,X-Exit-Sell 18650CE,2022-12-09 15:00,18464.50,100,9090.00,0.49,60360.00,0.86,14530.00,0.78,1315.00,0.07
77,Entry Short,Sell 18650 CE,2022-12-09 11:45,18555.40,100,9090.00,0.49,60360.00,0.86,14530.00,0.78,1315.00,0.07
78,Exit Short,X-Exit-Sell 18300CE,2022-12-20 15:00,18335.05,400,-45100.00,-0.62,15260.00,-4.25,7140.00,0.1,48840.00,0.67
78,Entry Short,Sell 18300 CE,2022-12-20 11:30,18222.30,400,-45100.00,-0.62,15260.00,-4.25,7140.00,0.1,48840.00,0.67
79,Exit Short,X-Exit-Sell 18400CE,2022-12-21 15:00,18216.60,200,19610.00,0.54,34870.00,1.93,30380.00,0.83,0,0
79,Entry Short,Sell 18400 CE,2022-12-21 12:30,18314.65,200,19610.00,0.54,34870.00,1.93,30380.00,0.83,0,0
80,Exit Short,X-Exit-Sell 18250CE,2023-01-04 15:00,18055.90,100,8140.00,0.45,43010.00,0.79,11670.00,0.64,40.00,0
80,Entry Short,Sell 18250 CE,2023-01-04 11:00,18137.30,100,8140.00,0.45,43010.00,0.79,11670.00,0.64,40.00,0
81,Exit Short,X-Exit-Sell 18050CE,2023-01-06 15:00,17865.25,100,7360.00,0.41,50370.00,0.71,14330.00,0.8,670.00,0.04
81,Entry Short,Sell 18050 CE,2023-01-06 12:00,17938.85,100,7360.00,0.41,50370.00,0.71,14330.00,0.8,670.00,0.04
82,Exit Short,X-Exit-Sell 17900CE,2023-01-12 15:00,17819.00,100,-3260.00,-0.18,47110.00,-0.31,2475.00,0.14,7580.00,0.43
82,Entry Short,Sell 17900 CE,2023-01-12 12:00,17786.40,100,-3260.00,-0.18,47110.00,-0.31,2475.00,0.14,7580.00,0.43
83,Exit Short,X-Exit-Sell 18000CE,2023-01-16 15:00,17877.80,100,2620.00,0.15,49730.00,0.25,5035.00,0.28,4030.00,0.23
83,Entry Short,Sell 18000 CE,2023-01-16 12:30,17904.00,100,2620.00,0.15,49730.00,0.25,5035.00,0.28,4030.00,0.23
84,Exit Short,X-Exit-Sell 18200CE,2023-01-20 15:00,18050.40,400,18400.00,0.25,68130.00,1.75,31280.00,0.43,3820.00,0.05
84,Entry Short,Sell 18200 CE,2023-01-20 13:15,18096.40,400,18400.00,0.25,68130.00,1.75,31280.00,0.43,3820.00,0.05
85,Exit Short,X-Exit-Sell 17650CE,2023-01-30 15:00,17560.95,100,-3440.00,-0.2,64690.00,-0.32,12100.00,0.69,5930.00,0.34
85,Entry Short,Sell 17650 CE,2023-01-30 12:45,17526.55,100,-3440.00,-0.2,64690.00,-0.32,12100.00,0.69,5930.00,0.34
86,Exit Short,X-Exit-Sell 17850CE,2023-02-13 15:00,17801.10,100,-3505.00,-0.2,61185.00,-0.33,4630.00,0.26,3675.00,0.21
86,Entry Short,Sell 17850 CE,2023-02-13 11:45,17766.05,100,-3505.00,-0.2,61185.00,-0.33,4630.00,0.26,3675.00,0.21
87,Exit Short,X-Exit-Sell 18000CE,2023-02-20 15:00,17853.00,100,3985.00,0.22,65170.00,0.38,7445.00,0.42,1980.00,0.11
87,Entry Short,Sell 18000 CE,2023-02-20 12:45,17892.85,100,3985.00,0.22,65170.00,0.38,7445.00,0.42,1980.00,0.11
88,Exit Short,X-Exit-Sell 17950CE,2023-02-21 15:00,17815.20,100,2755.00,0.15,67925.00,0.26,4245.00,0.24,4840.00,0.27
88,Entry Short,Sell 17950 CE,2023-02-21 13:00,17842.75,100,2755.00,0.15,67925.00,0.26,4245.00,0.24,4840.00,0.27
89,Exit Short,X-Exit-Sell 17600CE,2023-02-24 15:00,17439.60,100,6025.00,0.34,73950.00,0.56,7805.00,0.45,1065.00,0.06
89,Entry Short,Sell 17600 CE,2023-02-24 11:45,17499.85,100,6025.00,0.34,73950.00,0.56,7805.00,0.45,1065.00,0.06
90,Exit Short,X-Exit-Sell 17450CE,2023-02-28 15:00,17314.55,200,4160.00,0.12,78110.00,0.39,16030.00,0.46,3800.00,0.11
90,Entry Short,Sell 17450 CE,2023-02-28 13:30,17335.35,200,4160.00,0.12,78110.00,0.39,16030.00,0.46,3800.00,0.11
91,Exit Short,X-Exit-Sell 17450CE,2023-03-13 15:00,17140.50,100,22430.00,1.29,100540.00,2.08,25135.00,1.45,475.00,0.03
91,Entry Short,Sell 17450 CE,2023-03-13 12:00,17364.80,100,22430.00,1.29,100540.00,2.08,25135.00,1.45,475.00,0.03
92,Exit Short,X-Exit-Sell 17150CE,2023-03-15 15:00,17018.55,100,1225.00,0.07,101765.00,0.11,3035.00,0.18,3375.00,0.2
92,Entry Short,Sell 17150 CE,2023-03-15 14:00,17030.80,100,1225.00,0.07,101765.00,0.11,3035.00,0.18,3375.00,0.2
93,Exit Short,X-Exit-Sell 17050CE,2023-03-16 15:00,16976.45,100,-2150.00,-0.13,99615.00,-0.2,0,0,10750.00,0.63
93,Entry Short,Sell 17050 CE,2023-03-16 14:00,16954.95,100,-2150.00,-0.13,99615.00,-0.2,0,0,10750.00,0.63
94,Exit Short,X-Exit-Sell 17100CE,2023-03-17 15:00,17092.75,100,-11560.00,-0.68,88055.00,-1.05,1900.00,0.11,12215.00,0.72
94,Entry Short,Sell 17100 CE,2023-03-17 12:45,16977.15,100,-11560.00,-0.68,88055.00,-1.05,1900.00,0.11,12215.00,0.72
95,Exit Short,X-Exit-Sell 17050CE,2023-03-20 15:00,16943.15,100,-960.00,-0.06,87095.00,-0.09,10520.00,0.62,1505.00,0.09
95,Entry Short,Sell 17050 CE,2023-03-20 11:30,16933.55,100,-960.00,-0.06,87095.00,-0.09,10520.00,0.62,1505.00,0.09
96,Exit Short,X-Exit-Sell 17050CE,2023-03-28 15:00,16953.95,100,-785.00,-0.05,86310.00,-0.07,3235.00,0.19,4565.00,0.27
96,Entry Short,Sell 17050 CE,2023-03-28 10:45,16946.10,100,-785.00,-0.05,86310.00,-0.07,3235.00,0.19,4565.00,0.27
97,Exit Short,X-Exit-Sell 17750CE,2023-04-17 15:00,17686.65,400,-16940.00,-0.24,69370.00,-1.56,1600.00,0.02,23680.00,0.34
97,Entry Short,Sell 17750 CE,2023-04-17 11:30,17644.30,400,-16940.00,-0.24,69370.00,-1.56,1600.00,0.02,23680.00,0.34
98,Exit Short,X-Exit-Sell 17750CE,2023-04-18 15:00,17650.25,400,7820.00,0.11,77190.00,0.73,23840.00,0.34,16020.00,0.23
98,Entry Short,Sell 17750 CE,2023-04-18 12:00,17669.80,400,7820.00,0.11,77190.00,0.73,23840.00,0.34,16020.00,0.23
99,Exit Short,X-Exit-Sell 17700CE,2023-04-20 15:00,17611.35,400,3440.00,0.05,80630.00,0.32,14240.00,0.2,3200.00,0.05
99,Entry Short,Sell 17700 CE,2023-04-20 12:15,17619.95,400,3440.00,0.05,80630.00,0.32,14240.00,0.2,3200.00,0.05
100,Exit Short,X-Exit-Sell 17700CE,2023-04-21 15:00,17630.00,200,-4130.00,-0.12,76500.00,-0.38,11080.00,0.31,5500.00,0.16
100,Entry Short,Sell 17700 CE,2023-04-21 12:00,17609.35,200,-4130.00,-0.12,76500.00,-0.38,11080.00,0.31,5500.00,0.16
101,Exit Short,X-Exit-Sell 18300CE,2023-05-18 15:00,18151.40,200,8790.00,0.24,85290.00,0.82,10270.00,0.28,1210.00,0.03
101,Entry Short,Sell 18300 CE,2023-05-18 14:00,18195.35,200,8790.00,0.24,85290.00,0.82,10270.00,0.28,1210.00,0.03
102,Exit Short,X-Exit-Sell 18400CE,2023-05-24 15:00,18265.05,100,5050.00,0.28,90340.00,0.47,5235.00,0.29,1025.00,0.06
102,Entry Short,Sell 18400 CE,2023-05-24 13:45,18315.55,100,5050.00,0.28,90340.00,0.47,5235.00,0.29,1025.00,0.06
103,Exit Short,X-Exit-Sell 18650CE,2023-05-31 15:00,18543.35,400,-460.00,-0.01,89880.00,-0.04,23340.00,0.31,1940.00,0.03
103,Entry Short,Sell 18650 CE,2023-05-31 11:30,18542.20,400,-460.00,-0.01,89880.00,-0.04,23340.00,0.31,1940.00,0.03
104,Exit Short,X-Exit-Sell 18800CE,2023-06-15 15:00,18676.70,200,9390.00,0.25,99270.00,0.86,10920.00,0.29,6740.00,0.18
104,Entry Short,Sell 18800 CE,2023-06-15 12:45,18723.65,200,9390.00,0.25,99270.00,0.86,10920.00,0.29,6740.00,0.18
105,Exit Short,X-Exit-Sell 19450CE,2023-07-07 15:00,19392.45,100,-2595.00,-0.13,96675.00,-0.24,2120.00,0.11,5240.00,0.27
105,Entry Short,Sell 19450 CE,2023-07-07 12:30,19366.50,100,-2595.00,-0.13,96675.00,-0.24,2120.00,0.11,5240.00,0.27
106,Exit Short,X-Exit-Sell 19550CE,2023-07-14 15:00,19508.75,200,-9030.00,-0.23,87645.00,-0.82,2200.00,0.06,11390.00,0.29
106,Entry Short,Sell 19550 CE,2023-07-14 11:45,19463.60,200,-9030.00,-0.23,87645.00,-0.82,2200.00,0.06,11390.00,0.29
107,Exit Short,X-Exit-Sell 19900CE,2023-07-21 15:00,19707.85,100,7205.00,0.36,94850.00,0.66,7550.00,0.38,4205.00,0.21
107,Entry Short,Sell 19900 CE,2023-07-21 11:15,19779.90,100,7205.00,0.36,94850.00,0.66,7550.00,0.38,4205.00,0.21
108,Exit Short,X-Exit-Sell 19550CE,2023-08-03 15:00,19347.35,200,22320.00,0.57,117170.00,2.04,32500.00,0.84,0,0
108,Entry Short,Sell 19550 CE,2023-08-03 12:15,19458.95,200,22320.00,0.57,117170.00,2.04,32500.00,0.84,0,0
109,Exit Short,X-Exit-Sell 19650CE,2023-08-10 15:00,19527.85,100,755.00,0.04,117925.00,0.07,3230.00,0.17,6360.00,0.33
109,Entry Short,Sell 19650 CE,2023-08-10 11:30,19535.40,100,755.00,0.04,117925.00,0.07,3230.00,0.17,6360.00,0.33
110,Exit Short,X-Exit-Sell 19450CE,2023-08-17 15:00,19377.70,100,-1180.00,-0.06,116745.00,-0.11,3965.00,0.2,2145.00,0.11
110,Entry Short,Sell 19450 CE,2023-08-17 11:30,19365.90,100,-1180.00,-0.06,116745.00,-0.11,3965.00,0.2,2145.00,0.11
111,Exit Short,X-Exit-Sell 19550CE,2023-08-24 15:00,19398.20,400,26880.00,0.35,143625.00,2.41,30520.00,0.39,1980.00,0.03
111,Entry Short,Sell 19550 CE,2023-08-24 12:45,19465.40,400,26880.00,0.35,143625.00,2.41,30520.00,0.39,1980.00,0.03
112,Exit Short,X-Exit-Sell 19800CE,2023-09-26 15:00,19671.35,400,2680.00,0.03,146305.00,0.23,16240.00,0.21,3180.00,0.04
112,Entry Short,Sell 19800 CE,2023-09-26 12:30,19678.05,400,2680.00,0.03,146305.00,0.23,16240.00,0.21,3180.00,0.04
113,Exit Short,X-Exit-Sell 19750CE,2023-09-28 15:00,19522.25,100,11550.00,0.59,157855.00,1.01,12035.00,0.61,1685.00,0.09
113,Entry Short,Sell 19750 CE,2023-09-28 11:45,19637.75,100,11550.00,0.59,157855.00,1.01,12035.00,0.61,1685.00,0.09
114,Exit Short,X-Exit-Sell 19600CE,2023-10-03 15:00,19531.25,100,-2750.00,-0.14,155105.00,-0.24,600.00,0.03,6375.00,0.33
114,Entry Short,Sell 19600 CE,2023-10-03 10:45,19503.75,100,-2750.00,-0.14,155105.00,-0.24,600.00,0.03,6375.00,0.33
115,Exit Short,X-Exit-Sell 19650CE,2023-10-09 15:00,19533.00,400,10240.00,0.13,165345.00,0.89,24160.00,0.31,4340.00,0.06
115,Entry Short,Sell 19650 CE,2023-10-09 11:15,19558.60,400,10240.00,0.13,165345.00,0.89,24160.00,0.31,4340.00,0.06
116,Exit Short,X-Exit-Sell 19150CE,2023-11-01 15:00,19011.50,200,7820.00,0.21,173165.00,0.67,12930.00,0.34,2970.00,0.08
116,Entry Short,Sell 19150 CE,2023-11-01 10:45,19050.60,200,7820.00,0.21,173165.00,0.67,12930.00,0.34,2970.00,0.08
117,Exit Short,X-Exit-Sell 21000CE,2023-12-08 15:00,20938.10,200,-3130.00,-0.07,170035.00,-0.27,11950.00,0.29,3960.00,0.09
117,Entry Short,Sell 21000 CE,2023-12-08 13:15,20922.45,200,-3130.00,-0.07,170035.00,-0.27,11950.00,0.29,3960.00,0.09
118,Exit Short,X-Exit-Sell 21500CE,2023-12-20 15:00,21227.35,100,17730.00,0.83,187765.00,1.52,19935.00,0.93,915.00,0.04
118,Entry Short,Sell 21500 CE,2023-12-20 13:30,21404.65,100,17730.00,0.83,187765.00,1.52,19935.00,0.93,915.00,0.04
119,Exit Short,X-Exit-Sell 21700CE,2024-01-02 15:00,21657.20,100,-4090.00,-0.19,183675.00,-0.34,4435.00,0.21,7125.00,0.33
119,Entry Short,Sell 21700 CE,2024-01-02 11:00,21616.30,100,-4090.00,-0.19,183675.00,-0.34,4435.00,0.21,7125.00,0.33
120,Exit Short,X-Exit-Sell 21650CE,2024-01-03 15:00,21561.90,100,605.00,0.03,184280.00,0.05,4825.00,0.22,2350.00,0.11
120,Entry Short,Sell 21650 CE,2024-01-03 11:15,21567.95,100,605.00,0.03,184280.00,0.05,4825.00,0.22,2350.00,0.11
121,Exit Short,X-Exit-Sell 21750CE,2024-01-08 15:00,21527.05,200,22330.00,0.52,206610.00,1.89,24640.00,0.57,360.00,0.01
121,Entry Short,Sell 21750 CE,2024-01-08 11:45,21638.70,200,22330.00,0.52,206610.00,1.89,24640.00,0.57,360.00,0.01
122,Exit Short,X-Exit-Sell 21550CE,2024-01-23 15:00,21221.15,100,24495.00,1.14,231105.00,2.03,25560.00,1.19,1950.00,0.09
122,Entry Short,Sell 21550 CE,2024-01-23 11:45,21466.10,100,24495.00,1.14,231105.00,2.03,25560.00,1.19,1950.00,0.09
123,Exit Short,X-Exit-Sell 21850CE,2024-02-08 15:00,21673.20,100,9415.00,0.43,240520.00,0.76,10205.00,0.47,5285.00,0.24
123,Entry Short,Sell 21850 CE,2024-02-08 11:45,21767.35,100,9415.00,0.43,240520.00,0.76,10205.00,0.47,5285.00,0.24
124,Exit Short,X-Exit-Sell 21800CE,2024-02-12 15:00,21604.95,100,8955.00,0.41,249475.00,0.72,11975.00,0.55,250.00,0.01
124,Entry Short,Sell 21800 CE,2024-02-12 11:45,21694.50,100,8955.00,0.41,249475.00,0.72,11975.00,0.55,250.00,0.01
125,Exit Short,X-Exit-Sell 22150CE,2024-02-28 15:00,21974.75,100,7165.00,0.32,256640.00,0.57,10750.00,0.49,825.00,0.04
125,Entry Short,Sell 22150 CE,2024-02-28 12:30,22046.40,100,7165.00,0.32,256640.00,0.57,10750.00,0.49,825.00,0.04
126,Exit Short,X-Exit-Sell 22250CE,2024-03-13 15:00,21953.85,100,18790.00,0.85,275430.00,1.5,23610.00,1.07,730.00,0.03
126,Entry Short,Sell 22250 CE,2024-03-13 11:45,22141.75,100,18790.00,0.85,275430.00,1.5,23610.00,1.07,730.00,0.03
127,Exit Short,X-Exit-Sell 22050CE,2024-03-18 15:00,22089.70,100,-14095.00,-0.64,261335.00,-1.11,3220.00,0.15,17495.00,0.8
127,Entry Short,Sell 22050 CE,2024-03-18 11:15,21948.75,100,-14095.00,-0.64,261335.00,-1.11,3220.00,0.15,17495.00,0.8
128,Exit Short,X-Exit-Sell 22000CE,2024-03-19 15:00,21840.55,100,3525.00,0.16,264860.00,0.28,8270.00,0.38,655.00,0.03
128,Entry Short,Sell 22000 CE,2024-03-19 10:45,21875.80,100,3525.00,0.16,264860.00,0.28,8270.00,0.38,655.00,0.03
129,Exit Short,X-Exit-Sell 22500CE,2024-04-04 15:00,22519.55,100,-12945.00,-0.58,251915.00,-1.02,1360.00,0.06,19010.00,0.85
129,Entry Short,Sell 22500 CE,2024-04-04 11:45,22390.10,100,-12945.00,-0.58,251915.00,-1.02,1360.00,0.06,19010.00,0.85